user_id,location,follower_count,post_count,avg_engagement,total_engagement
user_fgjkkrie,"Lyon, France",2211,13,4498.46,58480
user_9mtets0p,"Johannesburg, South Africa",8262,13,4397.77,57171
user_uerv85na,"Rome, Italy",1824,12,4406.33,52876
user_14ibkds2,Singapore,7361,12,4235.0,50820
user_zq2nib62,"Delhi, India",5153,11,4545.55,50001
user_g9g7onlw,"Munich, Germany",7981,11,4430.45,48735
user_68enpikx,"Houston, USA",9364,10,4663.8,46638
user_t38nl55r,"Berlin, Germany",6743,10,4597.2,45972
user_xi0hyp64,"Barcelona, Spain",5346,11,4106.09,45167
user_w4p8zi5g,"Madrid, Spain",7103,11,4035.64,44392
user_acrnl9py,"Vancouver, Canada",5971,9,4797.11,43174
user_txrypced,"Rome, Italy",2479,10,4289.6,42896
user_cqaitbuv,"Johannesburg, South Africa",3382,9,4694.22,42248
user_cssz1rea,"Tokyo, Japan",7863,10,4217.9,42179
user_ha9bzru4,"Toronto, Canada",608,10,4182.6,41826
user_njtvacei,"Dubai, UAE",8100,9,4646.56,41819
user_rr1uzkql,"Milan, Italy",1069,10,4176.2,41762
user_0aacyvtz,"Rome, Italy",1452,9,4611.0,41499
user_d8ouiga8,"Los Angeles, USA",5270,9,4469.0,40221
user_5k81svok,"Milan, Italy",8124,9,4400.44,39604
user_kbdvf8d6,"Tokyo, Japan",4645,8,4845.75,38766
user_tjzr3rrj,"New York, USA",5652,8,4718.38,37747
user_yhe9m0z0,"Beijing, China",1655,7,5270.86,36896
user_yrth0u5v,"Milan, Italy",6499,8,4599.88,36799
user_2lslaaod,"Lyon, France",7105,7,5187.86,36315
user_d88b8qoh,"São Paulo, Brazil",1569,8,4405.38,35243
user_8bslqcpy,"Madrid, Spain",2241,8,4394.38,35155
user_jrqo44md,"Munich, Germany",3826,8,4375.25,35002
user_jh3b8sqc,"São Paulo, Brazil",7366,8,4371.75,34974
user_xyvxp8vz,"London, UK",6702,8,4338.63,34709
user_ogtvuuki,"Cairo, Egypt",4459,7,4905.43,34338
user_6xvmxfyf,"Melbourne, Australia",7470,8,4270.0,34160
user_nv39lexw,"Chicago, USA",6441,8,4250.5,34004
user_dxhhp9fo,"Manchester, UK",3852,8,4232.88,33863
user_3m0fddpp,"Toronto, Canada",327,8,4228.63,33829
user_o8hhe4wa,"Johannesburg, South Africa",6637,8,4221.38,33771
user_cax2bqkt,"Milan, Italy",2589,7,4807.57,33653
user_irfxbf0q,"Johannesburg, South Africa",3238,8,4185.38,33483
user_32g9y8pw,"Beijing, China",1876,7,4674.57,32722
user_zp2gw1bo,"Chicago, USA",4869,7,4629.57,32407
user_zdot1vfk,"Barcelona, Spain",448,7,4607.71,32254
user_vzy4krml,"Sydney, Australia",6272,7,4484.43,31391
user_h6g9kjdx,"Delhi, India",2191,7,4458.29,31208
user_4xle01hd,"Paris, France",9516,7,4434.43,31041
user_zw0wri6o,"Sydney, Australia",7304,7,4406.71,30847
user_outa8g9m,"Milan, Italy",6019,7,4384.14,30689
user_n0t4gjjd,"Osaka, Japan",8868,7,4334.57,30342
user_73jr6imn,"Berlin, Germany",7267,7,4247.71,29734
user_pepwpd8e,"Lyon, France",4752,7,4237.0,29659
user_4k5n0jkk,"Munich, Germany",9309,6,4878.33,29270
user_kdpzdt3l,"Manchester, UK",8661,6,4856.5,29139
user_b86ckvf0,"Milan, Italy",2730,7,4151.43,29060
user_87kc1g6d,"Houston, USA",7238,7,4111.86,28783
user_7xmgfrdi,"Seoul, South Korea",7428,7,4107.71,28754
user_y5urixy6,"Munich, Germany",445,7,4104.0,28728
user_ruzvsfpj,"Beijing, China",7098,6,4733.83,28403
user_0osqp2dw,"New York, USA",6432,6,4719.17,28315
user_sypzgjkq,"Houston, USA",251,7,4032.86,28230
user_qpyuqb17,"Madrid, Spain",3564,6,4670.83,28025
user_sd7unhlc,"Tokyo, Japan",7258,6,4335.5,26013
user_t0di0wp6,"Milan, Italy",4750,6,4287.17,25723
user_najfasrj,"London, UK",3919,6,4269.67,25618
user_x4incpcb,Singapore,3061,5,5051.4,25257
user_p84zb3bc,"São Paulo, Brazil",1245,5,4995.6,24978
user_m2ziq5ox,"Melbourne, Australia",4282,6,4143.67,24862
user_gsa59ewq,"Houston, USA",2194,6,4118.33,24710
user_k7r639d6,"Rome, Italy",358,5,4850.8,24254
user_x6t03gzx,"Rome, Italy",5868,6,4010.5,24063
user_g2dekwc7,"Madrid, Spain",3698,5,4559.6,22798
user_x6318ftx,"New York, USA",721,5,4518.6,22593
user_8wm37pk5,"Dubai, UAE",5193,5,4475.0,22375
user_sp9dve47,"Chicago, USA",5574,5,4474.2,22371
user_v20bhdbp,"Barcelona, Spain",6540,5,4458.8,22294
user_auaf6zqu,"Tokyo, Japan",8613,5,4438.8,22194
user_bs6fwfa7,"Sydney, Australia",8103,5,4341.8,21709
user_nqnv2wim,"Melbourne, Australia",1873,4,5381.75,21527
user_gyx5gifk,"Vancouver, Canada",3302,5,4246.2,21231
user_17homyqe,"Toronto, Canada",4887,5,4197.4,20987
user_h8g2fyv0,"London, UK",4209,5,4135.0,20675
user_4tziovr6,"São Paulo, Brazil",7972,4,5021.0,20084
user_pp3dgfak,"Seoul, South Korea",109,5,4015.6,20078
user_eies3y7t,"Rio de Janeiro, Brazil",8695,4,4803.25,19213
user_7gm44p81,"Toronto, Canada",1960,4,4755.25,19021
user_57r6dkm6,"Vancouver, Canada",6699,4,4585.0,18340
user_6laec67f,"Chicago, USA",6536,4,4441.25,17765
user_dkrkjvcx,"Melbourne, Australia",6682,4,4361.75,17447
user_l0y6e71z,"Dubai, UAE",9788,4,4186.25,16745
user_bijy5emr,"Barcelona, Spain",3165,4,4135.25,16541
user_2te8mebn,"Lyon, France",8398,4,4106.25,16425
user_tyte2cxw,"Chicago, USA",7823,4,4084.25,16337
user_oeg9yiqz,"São Paulo, Brazil",7528,3,5234.0,15702
user_5td0e1us,Singapore,6747,3,4754.33,14263
user_rbvbyj5y,"London, UK",2857,3,4714.67,14144
user_8c2t4hs8,"Rome, Italy",7988,3,4520.0,13560
user_rscyqide,"Shanghai, China",4478,2,4543.0,9086
